{"accuracy": 0.7666666666666667, "rmse": 0.7958224257542215, "n": 30}