{
    "example_costs": [
        0.0011179999999999999,
        0.0011179999999999999,
        0.0011499999999999998,
        0.0011499999999999998,
        0.0011079999999999998,
        0.0011079999999999998,
        0.0011859999999999998,
        0.0011859999999999998,
        0.0010659999999999999,
        0.0010659999999999999,
        0.00113,
        0.00113,
        0.001174,
        0.001174,
        0.001054,
        0.001054,
        0.001098,
        0.001098,
        0.001114,
        0.001114,
        0.001166,
        0.001166,
        0.0011679999999999998,
        0.0011679999999999998,
        0.00107,
        0.00107,
        0.001158,
        0.001158,
        0.0011679999999999998,
        0.0011679999999999998,
        0.0011779999999999998,
        0.0011779999999999998,
        0.001078,
        0.001078,
        0.0011259999999999998,
        0.0011259999999999998,
        0.0011359999999999999,
        0.0011359999999999999,
        0.0011099999999999999,
        0.0011099999999999999,
        0.0010999999999999998,
        0.0010999999999999998,
        0.0011699999999999998,
        0.0011699999999999998,
        0.001114,
        0.001114,
        0.001138,
        0.001138,
        0.0010899999999999998,
        0.0010899999999999998,
        0.0010899999999999998,
        0.0010899999999999998,
        0.0010479999999999999,
        0.0010479999999999999,
        0.0011819999999999999,
        0.0011819999999999999,
        0.0011519999999999998,
        0.0011519999999999998,
        0.0012,
        0.0012
    ],
    "total_cost": 0.06768000000000002
}