{
    "raw": {
        "original": [
            0.02041099722679425,
            0.13081203594113697,
            5.409889142305142,
            0.6931471804599453,
            0.7005291773290694,
            12.81812680476182,
            0.22314355126420976,
            5.409889142305142,
            4.665191104453158,
            5.409889142305142,
            0.0,
            9.502991452327388,
            5.481809660384753,
            6.233848358606224,
            4.209417391342813,
            0.17328679508998632,
            22.33270374958051,
            0.05411532088976842,
            4.544212677950481,
            4.283282603601271,
            0.7724496954315979,
            0.6506724212110959,
            22.33270374958051,
            5.713987973336265,
            5.577246805765799,
            5.207156588284393,
            10.545125212509923,
            11.166351874790255,
            10.819778284610283,
            11.577249751984464
        ],
        "imputed": [
            5.509486347062288,
            0.16130558796948202,
            6.293780396002494,
            0.25128585723192226,
            16.707053053011535,
            12.828508886972273,
            2.3159818428058965,
            6.91286145204125,
            4.578181960132781,
            6.018161808092616,
            10.835884945740972,
            8.568610157756034,
            5.821385457828102,
            22.46351578552165,
            5.108205810076198,
            5.5316521268914585,
            22.33270374958051,
            4.151900979332564,
            5.95755323683462,
            4.113640092939796,
            17.066660581816286,
            7.979006695004771,
            22.33270374958051,
            1.1041902705632485,
            5.444265044558301,
            5.483858521322078,
            1.2004525445299006,
            10.819778284560282,
            8.349132063230645,
            11.760240769584666
        ]
    },
    "means": {
        "original": 5.888647288187645,
        "imputed": 8.266731601952504
    },
    "stds": {
        "original": 5.850828014269525,
        "imputed": 6.243619088059054
    }
}