{
    "just_orig7_swap_headers": {
        "[0, None, 0, None, 0]": {
            "accuracy": 0.05555555555555555,
            "weighted avg f1-score": 0.1037037037037037,
            "valid answer rate": 0.2222222222222222
        },
        "[4, None, 0, None, 1]": {
            "accuracy": 0.8333333333333334,
            "weighted avg f1-score": 0.8460606060606062,
            "valid answer rate": 1.0
        }
    },
    "just_orig7_orig_headers": {
        "[0, None, 0, None, 0]": {
            "accuracy": 0.2777777777777778,
            "weighted avg f1-score": 0.39012345679012345,
            "valid answer rate": 0.5555555555555556
        }
    },
    "just_orig6_swap_headers": {
        "[None, None, 0, None, 0]": {
            "accuracy": 0.3333333333333333,
            "weighted avg f1-score": 0.4444444444444444,
            "valid answer rate": 0.5
        }
    },
    "just_orig6_orig_headers": {
        "[None, None, 0, None, 0]": {
            "accuracy": 0.3333333333333333,
            "weighted avg f1-score": 0.4444444444444444,
            "valid answer rate": 0.5
        }
    },
    "just_orig5_swap_headers": {
        "[None, None, 0, 1, 0]": {
            "accuracy": 0.6111111111111112,
            "weighted avg f1-score": 0.6552706552706552,
            "valid answer rate": 0.8888888888888888
        },
        "[None, None, 0, 1, 1]": {
            "accuracy": 0.7222222222222222,
            "weighted avg f1-score": 0.7454477889260498,
            "valid answer rate": 1.0
        }
    },
    "just_orig5_orig_headers": {
        "[None, None, 0, 1, 0]": {
            "accuracy": 0.6111111111111112,
            "weighted avg f1-score": 0.6552706552706552,
            "valid answer rate": 0.8888888888888888
        },
        "[None, None, 0, 1, 1]": {
            "accuracy": 0.7222222222222222,
            "weighted avg f1-score": 0.7454477889260498,
            "valid answer rate": 1.0
        }
    },
    "combined3_swap_headers": {
        "[1, 0, 0, None, None]": {
            "accuracy": 0.7777777777777778,
            "weighted avg f1-score": 0.7962962962962963,
            "valid answer rate": 1.0
        },
        "[2, 0, 0, None, None]": {
            "accuracy": 0.7222222222222222,
            "weighted avg f1-score": 0.7454477889260498,
            "valid answer rate": 1.0
        },
        "[0, 1, 0, None, None]": {
            "accuracy": 0.6666666666666666,
            "weighted avg f1-score": 0.7024087024087025,
            "valid answer rate": 0.9444444444444444
        }
    },
    "combined3_orig_headers": {
        "[1, 0, 0, None, None]": {
            "accuracy": 0.7777777777777778,
            "weighted avg f1-score": 0.7962962962962963,
            "valid answer rate": 1.0
        },
        "[0, 1, 0, None, None]": {
            "accuracy": 0.8333333333333334,
            "weighted avg f1-score": 0.8460606060606062,
            "valid answer rate": 1.0
        },
        "[0, 2, 0, None, None]": {
            "accuracy": 0.7777777777777778,
            "weighted avg f1-score": 0.8097643097643097,
            "valid answer rate": 0.9444444444444444
        }
    },
    "just_imputed1_swap_headers": {
        "[None, None, None, None, None]": {
            "accuracy": 0.8333333333333334,
            "weighted avg f1-score": 0.8580246913580247,
            "valid answer rate": 0.9444444444444444
        }
    },
    "just_imputed1_orig_headers": {
        "[None, None, None, None, None]": {
            "accuracy": 0.8333333333333334,
            "weighted avg f1-score": 0.8580246913580247,
            "valid answer rate": 0.9444444444444444
        }
    },
    "just_imputed3_swap_headers": {
        "[None, 0, 0, None, None]": {
            "accuracy": 0.6666666666666666,
            "weighted avg f1-score": 0.6944444444444444,
            "valid answer rate": 1.0
        }
    },
    "just_imputed3_orig_headers": {
        "[None, 0, 0, None, None]": {
            "accuracy": 0.8333333333333334,
            "weighted avg f1-score": 0.8460606060606062,
            "valid answer rate": 1.0
        }
    }
}