{
    "just_orig7_swap_headers": {
        "best accuracy": 0.8333333333333334,
        "best weighted avg f1-score": 0.8460606060606062
    },
    "just_orig7_orig_headers": {
        "best accuracy": 0.2777777777777778,
        "best weighted avg f1-score": 0.39012345679012345
    },
    "just_orig6_swap_headers": {
        "best accuracy": 0.3333333333333333,
        "best weighted avg f1-score": 0.4444444444444444
    },
    "just_orig6_orig_headers": {
        "best accuracy": 0.3333333333333333,
        "best weighted avg f1-score": 0.4444444444444444
    },
    "just_orig5_swap_headers": {
        "best accuracy": 0.7222222222222222,
        "best weighted avg f1-score": 0.7454477889260498
    },
    "just_orig5_orig_headers": {
        "best accuracy": 0.7222222222222222,
        "best weighted avg f1-score": 0.7454477889260498
    },
    "combined3_swap_headers": {
        "best accuracy": 0.7777777777777778,
        "best weighted avg f1-score": 0.7962962962962963
    },
    "combined3_orig_headers": {
        "best accuracy": 0.8333333333333334,
        "best weighted avg f1-score": 0.8460606060606062
    },
    "just_imputed1_swap_headers": {
        "best accuracy": 0.8333333333333334,
        "best weighted avg f1-score": 0.8580246913580247
    },
    "just_imputed1_orig_headers": {
        "best accuracy": 0.8333333333333334,
        "best weighted avg f1-score": 0.8580246913580247
    },
    "just_imputed3_swap_headers": {
        "best accuracy": 0.6666666666666666,
        "best weighted avg f1-score": 0.6944444444444444
    },
    "just_imputed3_orig_headers": {
        "best accuracy": 0.8333333333333334,
        "best weighted avg f1-score": 0.8460606060606062
    }
}