{"annotator_costs": [0.007980000000000001, 0.008060000000000001, 0.00796, 0.00846, 0.008060000000000001, 0.008060000000000001, 0.00804, 0.008060000000000001, 0.008400000000000001, 0.00774, 0.00808, 0.00816, 0.00788, 0.008, 0.00824, 0.00812, 0.00792, 0.00816, 0.008360000000000001, 0.008], "total_cost": 0.16174000000000005}