{"annotator_costs": [0.008060000000000001, 0.008360000000000001, 0.007220000000000001, 0.008700000000000001, 0.01332, 0.012820000000000002, 0.007520000000000001, 0.008820000000000001, 0.00838, 0.007660000000000001, 0.01144, 0.00856, 0.00902, 0.01098, 0.0074600000000000005, 0.008960000000000001, 0.0097, 0.0079, 0.00922, 0.007200000000000001, 0.00922, 0.008320000000000001, 0.01246, 0.009420000000000001, 0.01072, 0.009460000000000001, 0.009760000000000001, 0.00944, 0.012400000000000001, 0.010900000000000002], "total_cost": 0.2834000000000001}