{"annotator_costs": [0.007540000000000001, 0.00736, 0.007200000000000001, 0.00776, 0.00738, 0.007300000000000001, 0.007320000000000001, 0.007300000000000001, 0.00792, 0.007180000000000001, 0.007300000000000001, 0.0074, 0.0071, 0.007220000000000001, 0.007500000000000001, 0.00736, 0.0071400000000000005, 0.0074, 0.007940000000000001, 0.007240000000000001], "total_cost": 0.14786}