{"annotator_costs": [0.007980000000000001, 0.008780000000000001, 0.008620000000000001, 0.00834, 0.008520000000000002, 0.0071400000000000005, 0.00786, 0.007, 0.00834, 0.00796, 0.0091, 0.007660000000000001, 0.00822, 0.010020000000000001, 0.00834, 0.007580000000000001, 0.007680000000000001, 0.00796], "total_cost": 0.1471}