{"accuracy": 0.8333333333333334, "rmse": 0.408248290463863, "n": 18}