{"annotator_costs": [0.008400000000000001, 0.008740000000000001, 0.009600000000000001, 0.00876, 0.0086, 0.007300000000000001, 0.00786, 0.00734, 0.00876, 0.00824, 0.00952, 0.0078000000000000005, 0.008180000000000002, 0.010280000000000001, 0.00876, 0.007600000000000001, 0.007680000000000001, 0.008100000000000001], "total_cost": 0.15152000000000002}