{"accuracy": 0.8888888888888888, "rmse": 0.3333333333333333, "n": 18}