{
    "just_orig7_replace": {
        "best accuracy": 0.8333333333333334,
        "best weighted avg f1-score": 0.8460606060606062
    },
    "just_orig7_no_replace": {
        "best accuracy": 0.8333333333333334,
        "best weighted avg f1-score": 0.8460606060606062
    },
    "just_orig6_replace": {
        "best accuracy": 0.3333333333333333,
        "best weighted avg f1-score": 0.4444444444444444
    },
    "just_orig6_no_replace": {
        "best accuracy": 0.3333333333333333,
        "best weighted avg f1-score": 0.4444444444444444
    },
    "just_orig5_replace": {
        "best accuracy": 0.7222222222222222,
        "best weighted avg f1-score": 0.7454477889260498
    },
    "just_orig5_no_replace": {
        "best accuracy": 0.7222222222222222,
        "best weighted avg f1-score": 0.7454477889260498
    },
    "combined3_replace": {
        "best accuracy": 0.7222222222222222,
        "best weighted avg f1-score": 0.7454477889260498
    },
    "combined3_no_replace": {
        "best accuracy": 0.7777777777777778,
        "best weighted avg f1-score": 0.7962962962962963
    },
    "just_imputed1_replace": {
        "best accuracy": 0.8333333333333334,
        "best weighted avg f1-score": 0.8622222222222222
    },
    "just_imputed1_no_replace": {
        "best accuracy": 0.8333333333333334,
        "best weighted avg f1-score": 0.8580246913580247
    },
    "just_imputed3_replace": {
        "best accuracy": 0.8888888888888888,
        "best weighted avg f1-score": 0.8957264957264957
    },
    "just_imputed3_no_replace": {
        "best accuracy": 0.6666666666666666,
        "best weighted avg f1-score": 0.6944444444444444
    }
}