{
    "example_costs": [
        0.0012959999999999998,
        0.0012959999999999998,
        0.001386,
        0.001408,
        0.001448,
        0.001426,
        0.0013639999999999998,
        0.0012839999999999998,
        0.0012859999999999998,
        0.0012859999999999998,
        0.0013779999999999999,
        0.0013839999999999998,
        0.001428,
        0.0015040000000000001,
        0.00129,
        0.001292,
        0.0012859999999999998,
        0.0012859999999999998,
        0.001284,
        0.0012799999999999999,
        0.001282,
        0.0012859999999999998,
        0.001366,
        0.00129,
        0.001372,
        0.001304,
        0.001288,
        0.001288,
        0.0012879999999999999,
        0.00129,
        0.00131,
        0.001298,
        0.0012959999999999998,
        0.001314,
        0.001316,
        0.0014299999999999998,
        0.0014459999999999998,
        0.0012939999999999998,
        0.001288,
        0.001254,
        0.001422,
        0.001366,
        0.0012980000000000001,
        0.001282,
        0.0013,
        0.0013,
        0.0014199999999999998,
        0.0012839999999999998,
        0.00129,
        0.001292,
        0.0012579999999999998,
        0.0013379999999999998,
        0.001264,
        0.0012980000000000001,
        0.001256,
        0.001292,
        0.00129,
        0.00129,
        0.001304,
        0.001304
    ],
    "total_cost": 0.07934
}