{
    "raw": {
        "original": [
            0.18099276649958707,
            1.713093113778796,
            0.07848516750771743,
            0.8906457547236651,
            0.2600306932120336,
            11.34656387127545,
            5.501587798870271,
            0.5319213469855969,
            0.13413799616010524,
            0.0013647973385123163,
            0.5027637876806424,
            0.37470935515196635,
            0.1808762752763845,
            0.2993116202507772,
            0.6124246446296101,
            1.8513969649773756,
            0.5799005848431267,
            0.395374282013831,
            0.4213820577160515,
            1.5745887274051884,
            0.04217579943711053,
            0.4061809595913505,
            1.318348080220298,
            1.3052533654977083,
            0.15156393885715352,
            0.2894212742317287,
            0.4722294272326192,
            1.9106014118955637,
            0.04233637459009423,
            0.17218835432546709
        ],
        "imputed": [
            0.12418588871362264,
            2.0826434857075173,
            0.18968542832999563,
            0.47332195794189025,
            0.29499496135317294,
            11.19696919368719,
            5.488116005856619,
            0.8603608760765951,
            0.18747860258305216,
            0.03675065594220869,
            0.8600748373579657,
            0.7477372542920331,
            0.08405395234780834,
            0.2993116202507772,
            1.0981791251739843,
            1.8513969649773756,
            0.8601495299328793,
            0.3812403177383983,
            0.5306594823402402,
            1.2062716081035987,
            0.14646327414687269,
            0.3367446354451701,
            1.3127426520033205,
            1.2487175083959776,
            1.9092732322313593,
            3.889043307885981,
            0.48754788880653754,
            1.4865351745898814,
            0.029786771627576043,
            0.27390622835202255
        ]
    },
    "means": {
        "original": 1.1180616864058595,
        "imputed": 1.3324780807397212
    },
    "stds": {
        "original": 2.165897118390904,
        "imputed": 2.1684484209668433
    }
}