{"annotator_costs": [0.009160000000000001, 0.009040000000000001, 0.010920000000000001, 0.00952, 0.00902, 0.0078000000000000005, 0.0082, 0.008020000000000001, 0.00952, 0.00906, 0.010480000000000001, 0.008480000000000001, 0.00868, 0.01088, 0.00952, 0.00796, 0.008020000000000001, 0.008780000000000001], "total_cost": 0.16306}