{"annotator_costs": [0.00742, 0.00774, 0.00822, 0.00796, 0.011000000000000001, 0.012820000000000002, 0.0082, 0.008020000000000001, 0.0078000000000000005, 0.0071400000000000005, 0.01034, 0.00772, 0.008180000000000002, 0.009680000000000001, 0.0074600000000000005, 0.00834, 0.00856, 0.007240000000000001, 0.010140000000000001, 0.0079, 0.008360000000000001, 0.008320000000000001, 0.010740000000000001, 0.009420000000000001, 0.00962, 0.00894, 0.009760000000000001, 0.00822, 0.012400000000000001, 0.009460000000000001], "total_cost": 0.26712}