{"accuracy": 0.8333333333333334, "rmse": 0.6055300708194983, "n": 30}