{"annotator_costs": [0.007220000000000001, 0.00796, 0.00804, 0.008060000000000001, 0.00932, 0.01254, 0.00834, 0.008060000000000001, 0.008060000000000001, 0.0074600000000000005, 0.009680000000000001, 0.00772, 0.0077800000000000005, 0.008820000000000001, 0.0078000000000000005, 0.00856, 0.00826, 0.00742, 0.01004, 0.00782, 0.00834, 0.00834, 0.00986, 0.0091, 0.008960000000000001, 0.008860000000000002, 0.0091, 0.007840000000000001, 0.01246, 0.00846], "total_cost": 0.26028000000000007}