{
    "original": {
        "accuracy": 0.4111111111111111,
        "weighted_f1": 0.42532727696249706
    },
    "imputed": {
        "accuracy": 0.3,
        "weighted_f1": 0.3115415914289154
    }
}