{
    "example_costs": [
        0.000624,
        0.000624,
        0.0006039999999999999,
        0.0006039999999999999,
        0.0007419999999999999,
        0.0007419999999999999,
        0.000628,
        0.000628,
        0.000758,
        0.000758,
        0.0006219999999999999,
        0.0006219999999999999,
        0.000598,
        0.000598,
        0.000686,
        0.000686,
        0.000632,
        0.000632,
        0.00065,
        0.00065,
        0.000864,
        0.000864,
        0.000596,
        0.000596,
        0.00065,
        0.00065,
        0.000652,
        0.000652,
        0.000656,
        0.000656,
        0.000658,
        0.000658,
        0.0006219999999999999,
        0.0006219999999999999,
        0.0006079999999999999,
        0.0006079999999999999,
        0.000634,
        0.000634,
        0.0007019999999999999,
        0.0007019999999999999,
        0.000658,
        0.000658,
        0.00078,
        0.00078,
        0.0007,
        0.0007,
        0.00074,
        0.00074,
        0.000636,
        0.000636,
        0.000744,
        0.000744,
        0.000614,
        0.000614,
        0.00065,
        0.00065,
        0.0006219999999999999,
        0.0006219999999999999,
        0.000692,
        0.000692
    ],
    "total_cost": 0.04004399999999999
}