{
    "raw": {
        "original": [
            1.098712293468413,
            14.714053118498825,
            23.025850930040455,
            7.038769475152006,
            23.025850930040455,
            0.0,
            0.0,
            23.025850930040455,
            0.0,
            23.025850930040455,
            23.025850930040455,
            23.025850930040455,
            14.714053118498825,
            23.025850930040455,
            1.098712293468413,
            0.13081203594113697,
            7.038769475152006,
            7.038769475152006,
            23.025850930040455,
            0.0,
            23.025850930040455,
            0.0,
            7.038769475152006,
            0.0,
            0.0,
            0.6931471804599453,
            16.707053053011535,
            23.025850930040455,
            23.025850930040455,
            0.0
        ],
        "imputed": [
            23.025850930040455,
            14.714053118498825,
            23.025850930040455,
            7.038769475152006,
            23.025850930040455,
            0.0,
            0.0,
            23.025850930040455,
            0.0,
            23.025850930040455,
            23.025850930040455,
            23.025850930040455,
            14.714053118498825,
            0.0,
            23.025850930040455,
            0.13081203594113697,
            7.038769475152006,
            7.038769475152006,
            23.025850930040455,
            0.0,
            23.025850930040455,
            0.0,
            7.038769475152006,
            0.0,
            0.0,
            23.025850930040455,
            16.707053053011535,
            23.025850930040455,
            23.025850930040455,
            0.0
        ]
    },
    "means": {
        "original": 11.019866040813337,
        "imputed": 12.458570377236141
    },
    "stds": {
        "original": 10.16888364902855,
        "imputed": 10.240955071176439
    }
}