{"annotator_costs": [0.00742, 0.00796, 0.00804, 0.008060000000000001, 0.00932, 0.01254, 0.00834, 0.008060000000000001, 0.008060000000000001, 0.0074600000000000005, 0.009680000000000001, 0.00772, 0.0077800000000000005, 0.008820000000000001, 0.0078000000000000005, 0.00856, 0.00826, 0.00742, 0.01004, 0.008020000000000001, 0.00834, 0.00834, 0.00986, 0.0091, 0.009160000000000001, 0.00906, 0.0091, 0.007840000000000001, 0.01246, 0.008660000000000001], "total_cost": 0.26128000000000007}