{"accuracy": 0.7333333333333333, "rmse": 0.6831300510639732, "n": 30}