{
    "original": {
        "accuracy": 0.6333333333333333,
        "weighted_f1": 0.6539367743029071
    },
    "imputed": {
        "accuracy": 0.6111111111111112,
        "weighted_f1": 0.5936507936507938
    }
}