{
    "example_costs": [
        0.000978,
        0.000978,
        0.00099,
        0.00099,
        0.000972,
        0.000972,
        0.000964,
        0.000964,
        0.000968,
        0.000968,
        0.000976,
        0.000976,
        0.000972,
        0.000972,
        0.000972,
        0.000972,
        0.000968,
        0.000968,
        0.000966,
        0.000966,
        0.000968,
        0.000968,
        0.000972,
        0.000972,
        0.00099,
        0.00099,
        0.0009699999999999999,
        0.0009699999999999999,
        0.0009739999999999999,
        0.0009739999999999999,
        0.000978,
        0.000978,
        0.000978,
        0.000978,
        0.0009739999999999999,
        0.0009739999999999999,
        0.0009739999999999999,
        0.0009739999999999999,
        0.0009699999999999999,
        0.0009699999999999999,
        0.0009699999999999999,
        0.0009699999999999999,
        0.000962,
        0.000962,
        0.0009839999999999998,
        0.0009839999999999998,
        0.000964,
        0.000964,
        0.000972,
        0.000972,
        0.0009739999999999999,
        0.0009739999999999999,
        0.00098,
        0.00098,
        0.000972,
        0.000972,
        0.0009699999999999999,
        0.0009699999999999999,
        0.000986,
        0.000986
    ],
    "total_cost": 0.058415999999999996
}