{
    "raw": {
        "original": [
            0.06490170259601657,
            0.8537372953787715,
            0.04547228514118252,
            0.22153692757896581,
            0.2005495815200688,
            1.3839720764189607,
            1.590023512635727,
            0.5358764734059897,
            0.13413799616010524,
            0.0080196524880357,
            0.29565674203078207,
            0.15913423479417357,
            0.10915737812069991,
            0.13539081136130438,
            0.7870673516993241,
            0.9158680279156532,
            0.3201960106253955,
            0.040284770114359034,
            0.07847176069350793,
            0.7115801577532064,
            0.14646327414687269,
            0.0992988782578749,
            1.7695772865337462,
            0.5057916932618354,
            0.05040605476768223,
            0.06721756180330961,
            0.46532180755372743,
            1.0375029499272392,
            0.029786771627576043,
            0.12399154383527423
        ],
        "imputed": [
            0.43797154176232994,
            1.4069360263930233,
            0.013352265059390633,
            0.424545879414403,
            0.03996213448187201,
            1.138216267169893,
            2.0749331083623432,
            0.4980403542750409,
            0.1616216538354477,
            0.01984310462487613,
            0.2748099764578413,
            0.14035611732252287,
            0.017053025966627992,
            0.12308911625800678,
            0.16866074532429276,
            0.8309266310498006,
            0.1811676380079268,
            0.026331929873542038,
            0.01500982303903066,
            0.7392669008092129,
            0.8306699071302815,
            0.21209974906085144,
            1.7553333707878833,
            0.5903448840740044,
            0.09748060214459303,
            0.03308833986055257,
            2.03480773982321,
            1.4422837580229277,
            0.1852059020410003,
            0.06455957289626277
        ]
    },
    "means": {
        "original": 0.42954641900491225,
        "imputed": 0.5325989355109664
    },
    "stds": {
        "original": 0.48272278784600126,
        "imputed": 0.6208352711809907
    }
}