{"annotator_costs": [0.009260000000000001, 0.00914, 0.01102, 0.010480000000000001, 0.009120000000000001, 0.0079, 0.0083, 0.00812, 0.010480000000000001, 0.009160000000000001, 0.011640000000000001, 0.00858, 0.008780000000000001, 0.01378, 0.010480000000000001, 0.008060000000000001, 0.00812, 0.00888], "total_cost": 0.17129999999999998}