{
    "original": {
        "accuracy": 0.5333333333333333,
        "weighted_f1": 0.6242040072859745
    },
    "imputed": {
        "accuracy": 0.3888888888888889,
        "weighted_f1": 0.47148148148148145
    }
}