{
    "original": {
        "-1.0": {
            "precision": 0.0,
            "recall": 0.0,
            "f1-score": 0.0,
            "support": 0
        },
        "0.0": {
            "precision": 0.9534883720930233,
            "recall": 0.5189873417721519,
            "f1-score": 0.6721311475409836,
            "support": 79
        },
        "1.0": {
            "precision": 0.1794871794871795,
            "recall": 0.6363636363636364,
            "f1-score": 0.28,
            "support": 11
        },
        "accuracy": 0.5333333333333333,
        "macro avg": {
            "precision": 0.3776585171934009,
            "recall": 0.3851169927119294,
            "f1-score": 0.3173770491803279,
            "support": 90
        },
        "weighted avg": {
            "precision": 0.8588882263300868,
            "recall": 0.5333333333333333,
            "f1-score": 0.6242040072859745,
            "support": 90
        }
    },
    "imputed": {
        "-1.0": {
            "precision": 0.0,
            "recall": 0.0,
            "f1-score": 0.0,
            "support": 0
        },
        "0.0": {
            "precision": 0.9310344827586207,
            "recall": 0.34177215189873417,
            "f1-score": 0.5,
            "support": 79
        },
        "1.0": {
            "precision": 0.16326530612244897,
            "recall": 0.7272727272727273,
            "f1-score": 0.26666666666666666,
            "support": 11
        },
        "accuracy": 0.3888888888888889,
        "macro avg": {
            "precision": 0.3647665962936899,
            "recall": 0.3563482930571538,
            "f1-score": 0.25555555555555554,
            "support": 90
        },
        "weighted avg": {
            "precision": 0.8371960278364219,
            "recall": 0.3888888888888889,
            "f1-score": 0.47148148148148145,
            "support": 90
        }
    }
}