{"annotator_costs": [0.036340000000000004, 0.033280000000000004, 0.030240000000000003, 0.03368, 0.034260000000000006, 0.030340000000000002, 0.03228, 0.030340000000000002, 0.0444, 0.030220000000000004, 0.029380000000000003, 0.030440000000000002, 0.02918, 0.029300000000000003, 0.0315, 0.030400000000000003, 0.029220000000000003, 0.030440000000000002, 0.0473, 0.03028], "total_cost": 0.6528200000000001}