{
    "just_orig7": {
        "best accuracy": 0.1,
        "best weighted avg f1-score": 0.14444444444444443
    },
    "just_orig6": {
        "best accuracy": 0.0,
        "best weighted avg f1-score": 0.0
    },
    "just_orig5": {
        "best accuracy": 0.03333333333333333,
        "best weighted avg f1-score": 0.05
    },
    "combined3": {
        "best accuracy": 0.1,
        "best weighted avg f1-score": 0.12777777777777777
    },
    "just_imputed1": {
        "best accuracy": 0.03333333333333333,
        "best weighted avg f1-score": 0.02222222222222222
    },
    "just_imputed3": {
        "best accuracy": 0.06666666666666667,
        "best weighted avg f1-score": 0.06666666666666667
    }
}