{"annotator_costs": [0.010020000000000001, 0.00944, 0.01234, 0.011240000000000002, 0.009540000000000002, 0.008400000000000001, 0.00864, 0.0088, 0.011240000000000002, 0.009980000000000001, 0.012600000000000002, 0.009260000000000001, 0.00928, 0.01438, 0.011240000000000002, 0.00842, 0.00846, 0.00956], "total_cost": 0.18284000000000003}