{"accuracy": 0.7777777777777778, "rmse": 0.4714045207910317}