{
    "just_orig7_swap_headers": {
        "[0, None, 0, None, 0]": {
            "accuracy": 0.13333333333333333,
            "weighted avg f1-score": 0.19,
            "valid answer rate": 0.26666666666666666
        },
        "[4, None, 0, None, 1]": {
            "accuracy": 0.2,
            "weighted avg f1-score": 0.2565656565656565,
            "valid answer rate": 0.5333333333333333
        }
    },
    "just_orig7_orig_headers": {
        "[0, None, 0, None, 0]": {
            "accuracy": 0.06666666666666667,
            "weighted avg f1-score": 0.11228070175438595,
            "valid answer rate": 0.1
        }
    },
    "just_orig6_swap_headers": {
        "[None, None, 0, None, 0]": {
            "accuracy": 0.5,
            "weighted avg f1-score": 0.5,
            "valid answer rate": 0.9333333333333333
        }
    },
    "just_orig6_orig_headers": {
        "[None, None, 0, None, 0]": {
            "accuracy": 0.5,
            "weighted avg f1-score": 0.49122807017543857,
            "valid answer rate": 0.9666666666666667
        }
    },
    "just_orig5_swap_headers": {
        "[None, None, 0, 1, 0]": {
            "accuracy": 0.4666666666666667,
            "weighted avg f1-score": 0.46285714285714286,
            "valid answer rate": 0.9
        },
        "[None, None, 0, 1, 1]": {
            "accuracy": 0.5,
            "weighted avg f1-score": 0.5019807583474816,
            "valid answer rate": 1.0
        }
    },
    "just_orig5_orig_headers": {
        "[None, None, 0, 1, 0]": {
            "accuracy": 0.4666666666666667,
            "weighted avg f1-score": 0.46285714285714286,
            "valid answer rate": 0.9
        },
        "[None, None, 0, 1, 1]": {
            "accuracy": 0.5,
            "weighted avg f1-score": 0.5019807583474816,
            "valid answer rate": 1.0
        }
    },
    "combined3_swap_headers": {
        "[1, 0, 0, None, None]": {
            "accuracy": 0.5333333333333333,
            "weighted avg f1-score": 0.5021252371916508,
            "valid answer rate": 1.0
        },
        "[2, 0, 0, None, None]": {
            "accuracy": 0.5,
            "weighted avg f1-score": 0.44212523719165087,
            "valid answer rate": 1.0
        },
        "[0, 1, 0, None, None]": {
            "accuracy": 0.4,
            "weighted avg f1-score": 0.3764021164021164,
            "valid answer rate": 0.9666666666666667
        }
    },
    "combined3_orig_headers": {
        "[1, 0, 0, None, None]": {
            "accuracy": 0.5666666666666667,
            "weighted avg f1-score": 0.5317086834733894,
            "valid answer rate": 1.0
        },
        "[0, 1, 0, None, None]": {
            "accuracy": 0.4666666666666667,
            "weighted avg f1-score": 0.44810879190385833,
            "valid answer rate": 1.0
        },
        "[0, 2, 0, None, None]": {
            "accuracy": 0.5,
            "weighted avg f1-score": 0.4766666666666667,
            "valid answer rate": 1.0
        }
    },
    "just_imputed1_swap_headers": {
        "[None, None, None, None, None]": {
            "accuracy": 0.6,
            "weighted avg f1-score": 0.5922077922077922,
            "valid answer rate": 1.0
        }
    },
    "just_imputed1_orig_headers": {
        "[None, None, None, None, None]": {
            "accuracy": 0.6,
            "weighted avg f1-score": 0.5922077922077922,
            "valid answer rate": 1.0
        }
    },
    "just_imputed3_swap_headers": {
        "[None, 0, 0, None, None]": {
            "accuracy": 0.4666666666666667,
            "weighted avg f1-score": 0.44856630824372756,
            "valid answer rate": 1.0
        }
    },
    "just_imputed3_orig_headers": {
        "[None, 0, 0, None, None]": {
            "accuracy": 0.5333333333333333,
            "weighted avg f1-score": 0.5420658194851743,
            "valid answer rate": 1.0
        }
    }
}