{
    "ghc": {
        "val_rmse": 0.2895514318126032,
        "test_rmse": 0.2992887172400982
    },
    "SBIC": {
        "val_rmse": 0.3222610509235718,
        "test_rmse": 0.32378028761112787
    },
    "SChem5Labels": {
        "val_rmse": 0.5776251203165584,
        "test_rmse": 0.5690227264804656
    },
    "SChem": {
        "val_rmse": 0.5565375274651445,
        "test_rmse": 0.5491095952655399
    },
    "Sentiment": {
        "val_rmse": 0.8326208362742792,
        "test_rmse": 0.8496238281862629
    },
    "politeness": {
        "val_rmse": 3.879518156597149,
        "test_rmse": 3.8306866322382103
    }
}