{
    "example_costs": [
        0.0008119999999999999,
        0.0008119999999999999,
        0.00081,
        0.00081,
        0.0008259999999999999,
        0.0008259999999999999,
        0.0008219999999999999,
        0.0008179999999999999,
        0.000846,
        0.000846,
        0.000832,
        0.000832,
        0.000806,
        0.000742,
        0.000842,
        0.000842,
        0.00086,
        0.00086,
        0.000784,
        0.000784,
        0.000784,
        0.000784,
        0.000828,
        0.000824,
        0.0008159999999999999,
        0.0008159999999999999,
        0.0008299999999999999,
        0.0008299999999999999,
        0.0008119999999999999,
        0.0008119999999999999,
        0.000802,
        0.000802,
        0.000846,
        0.000846,
        0.0008259999999999999,
        0.0008259999999999999,
        0.0008579999999999999,
        0.0008579999999999999,
        0.0008039999999999999,
        0.00074,
        0.00081,
        0.00081,
        0.000798,
        0.000798,
        0.0008039999999999999,
        0.0008039999999999999,
        0.0008179999999999999,
        0.0008179999999999999,
        0.0008179999999999999,
        0.0008179999999999999,
        0.00085,
        0.00085,
        0.0008659999999999999,
        0.0008659999999999999,
        0.0007899999999999999,
        0.0007899999999999999,
        0.0009099999999999999,
        0.0009099999999999999,
        0.00078,
        0.00078
    ],
    "total_cost": 0.049244
}