{
    "raw": {
        "original": [
            23.025850930040455,
            0.0,
            23.025850930040455,
            0.0,
            23.025850930040455,
            0.0,
            23.025850930040455,
            1.098712293468413,
            0.0,
            14.714053118498825,
            0.0,
            0.0,
            0.0,
            14.714053118498825,
            23.025850930040455,
            23.025850930040455,
            0.0,
            7.038769475152006,
            0.0,
            23.025850930040455,
            14.714053118498825,
            23.025850930040455,
            0.0,
            0.0,
            23.025850930040455,
            0.0,
            22.38933676184564,
            10.819778284560282,
            23.025850930040455,
            0.0
        ],
        "imputed": [
            23.025850930040455,
            0.003305457008395388,
            23.025850930040455,
            0.0,
            0.006722545760152269,
            0.0,
            23.025850930040455,
            23.025850930040455,
            0.003305457008395388,
            3.1738095043457673,
            23.025850930040455,
            0.0,
            0.003305457008395388,
            7.0409731131576025,
            5.005647737759844,
            23.025850930040455,
            8.111727750074795,
            7.043251172325441,
            0.003305457008395388,
            0.0,
            3.1738095043457673,
            23.025850930040455,
            0.003305457008395388,
            8.111727750074795,
            23.025850930040455,
            5.713832780306673,
            10.847991328689787,
            2.1654219381975888,
            23.025850930040455,
            0.0
        ]
    },
    "means": {
        "original": 10.524908849030913,
        "imputed": 8.92147002601481
    },
    "stds": {
        "original": 10.483794552903564,
        "imputed": 9.68664203267422
    }
}