{
    "just_orig7_replace": {
        "[0, None, 0, None, 0]": {
            "accuracy": 0.03333333333333333,
            "weighted avg f1-score": 0.058333333333333334,
            "valid answer rate": 0.03333333333333333
        },
        "[4, None, 0, None, 1]": {
            "accuracy": 0.2,
            "weighted avg f1-score": 0.18583333333333338,
            "valid answer rate": 0.7
        }
    },
    "just_orig7_no_replace": {
        "[0, None, 0, None, 0]": {
            "accuracy": 0.03333333333333333,
            "weighted avg f1-score": 0.058333333333333334,
            "valid answer rate": 0.03333333333333333
        },
        "[4, None, 0, None, 1]": {
            "accuracy": 0.2,
            "weighted avg f1-score": 0.18583333333333338,
            "valid answer rate": 0.6666666666666666
        }
    },
    "just_orig6_replace": {
        "[None, None, 0, None, 0]": {
            "accuracy": 0.0,
            "weighted avg f1-score": 0.0,
            "valid answer rate": 0.0
        }
    },
    "just_orig6_no_replace": {
        "[None, None, 0, None, 0]": {
            "accuracy": 0.0,
            "weighted avg f1-score": 0.0,
            "valid answer rate": 0.0
        }
    },
    "just_orig5_replace": {
        "[None, None, 0, 1, 0]": {
            "accuracy": 0.0,
            "weighted avg f1-score": 0.0,
            "valid answer rate": 0.4
        },
        "[None, None, 0, 1, 1]": {
            "accuracy": 0.0,
            "weighted avg f1-score": 0.0,
            "valid answer rate": 0.9333333333333333
        }
    },
    "just_orig5_no_replace": {
        "[None, None, 0, 1, 0]": {
            "accuracy": 0.0,
            "weighted avg f1-score": 0.0,
            "valid answer rate": 0.4
        },
        "[None, None, 0, 1, 1]": {
            "accuracy": 0.0,
            "weighted avg f1-score": 0.0,
            "valid answer rate": 0.9333333333333333
        }
    },
    "combined3_replace": {
        "[1, 0, 0, None, None]": {
            "accuracy": 0.2,
            "weighted avg f1-score": 0.19870129870129868,
            "valid answer rate": 0.9
        },
        "[2, 0, 0, None, None]": {
            "accuracy": 0.16666666666666666,
            "weighted avg f1-score": 0.16888888888888892,
            "valid answer rate": 0.9333333333333333
        }
    },
    "combined3_no_replace": {
        "[1, 0, 0, None, None]": {
            "accuracy": 0.06666666666666667,
            "weighted avg f1-score": 0.06484848484848485,
            "valid answer rate": 0.9333333333333333
        },
        "[2, 0, 0, None, None]": {
            "accuracy": 0.06666666666666667,
            "weighted avg f1-score": 0.08484848484848485,
            "valid answer rate": 0.9666666666666667
        }
    },
    "just_imputed1_replace": {
        "[None, None, None, None, None]": {
            "accuracy": 0.13333333333333333,
            "weighted avg f1-score": 0.16127946127946127,
            "valid answer rate": 1.0
        }
    },
    "just_imputed1_no_replace": {
        "[None, None, None, None, None]": {
            "accuracy": 0.1,
            "weighted avg f1-score": 0.0942857142857143,
            "valid answer rate": 1.0
        }
    },
    "just_imputed3_replace": {
        "[None, 0, 0, None, None]": {
            "accuracy": 0.16666666666666666,
            "weighted avg f1-score": 0.21333333333333335,
            "valid answer rate": 0.9666666666666667
        }
    },
    "just_imputed3_no_replace": {
        "[None, 0, 0, None, None]": {
            "accuracy": 0.1,
            "weighted avg f1-score": 0.06262626262626263,
            "valid answer rate": 1.0
        }
    }
}