{
    "original": {
        "accuracy": 0.1111111111111111,
        "weighted_f1": 0.1195767195767196
    },
    "imputed": {
        "accuracy": 0.022222222222222223,
        "weighted_f1": 0.024126984126984125
    }
}