{
    "just_orig7_swap_headers": {
        "[0, None, 0, None, 0]": {
            "accuracy": 0.8666666666666667,
            "weighted avg f1-score": 0.8795918367346939,
            "valid answer rate": 0.9333333333333333
        },
        "[4, None, 0, None, 1]": {
            "accuracy": 0.8333333333333334,
            "weighted avg f1-score": 0.8232426303854876,
            "valid answer rate": 0.9666666666666667
        }
    },
    "just_orig7_orig_headers": {
        "[0, None, 0, None, 0]": {
            "accuracy": 0.7,
            "weighted avg f1-score": 0.7666666666666668,
            "valid answer rate": 0.7333333333333333
        }
    },
    "just_orig6_swap_headers": {
        "[None, None, 0, None, 0]": {
            "accuracy": 0.8,
            "weighted avg f1-score": 0.8434650455927052,
            "valid answer rate": 0.8666666666666667
        }
    },
    "just_orig6_orig_headers": {
        "[None, None, 0, None, 0]": {
            "accuracy": 0.8,
            "weighted avg f1-score": 0.8434650455927052,
            "valid answer rate": 0.8666666666666667
        }
    },
    "just_orig5_swap_headers": {
        "[None, None, 0, 1, 0]": {
            "accuracy": 0.9,
            "weighted avg f1-score": 0.8854603174603176,
            "valid answer rate": 1.0
        },
        "[None, None, 0, 1, 1]": {
            "accuracy": 0.9333333333333333,
            "weighted avg f1-score": 0.9263333333333335,
            "valid answer rate": 1.0
        }
    },
    "just_orig5_orig_headers": {
        "[None, None, 0, 1, 0]": {
            "accuracy": 0.9333333333333333,
            "weighted avg f1-score": 0.9263333333333335,
            "valid answer rate": 1.0
        },
        "[None, None, 0, 1, 1]": {
            "accuracy": 0.9333333333333333,
            "weighted avg f1-score": 0.9263333333333335,
            "valid answer rate": 1.0
        }
    },
    "combined3_swap_headers": {
        "[1, 0, 0, None, None]": {
            "accuracy": 0.9666666666666667,
            "weighted avg f1-score": 0.9515151515151515,
            "valid answer rate": 1.0
        },
        "[2, 0, 0, None, None]": {
            "accuracy": 0.9666666666666667,
            "weighted avg f1-score": 0.9503401360544217,
            "valid answer rate": 1.0
        },
        "[0, 1, 0, None, None]": {
            "accuracy": 0.9,
            "weighted avg f1-score": 0.9041908446163766,
            "valid answer rate": 1.0
        }
    },
    "combined3_orig_headers": {
        "[1, 0, 0, None, None]": {
            "accuracy": 0.9333333333333333,
            "weighted avg f1-score": 0.9318216175359031,
            "valid answer rate": 1.0
        },
        "[0, 1, 0, None, None]": {
            "accuracy": 0.8333333333333334,
            "weighted avg f1-score": 0.8785829307568437,
            "valid answer rate": 0.9
        },
        "[0, 2, 0, None, None]": {
            "accuracy": 0.9,
            "weighted avg f1-score": 0.9148148148148147,
            "valid answer rate": 0.9666666666666667
        }
    },
    "just_imputed1_swap_headers": {
        "[None, None, None, None, None]": {
            "accuracy": 0.9666666666666667,
            "weighted avg f1-score": 0.9515151515151515,
            "valid answer rate": 1.0
        }
    },
    "just_imputed1_orig_headers": {
        "[None, None, None, None, None]": {
            "accuracy": 0.9666666666666667,
            "weighted avg f1-score": 0.9515151515151515,
            "valid answer rate": 1.0
        }
    },
    "just_imputed3_swap_headers": {
        "[None, 0, 0, None, None]": {
            "accuracy": 0.9666666666666667,
            "weighted avg f1-score": 0.9515151515151515,
            "valid answer rate": 1.0
        }
    },
    "just_imputed3_orig_headers": {
        "[None, 0, 0, None, None]": {
            "accuracy": 0.9666666666666667,
            "weighted avg f1-score": 0.9515151515151515,
            "valid answer rate": 1.0
        }
    }
}