{
    "just_orig7_swap_headers": {
        "best accuracy": 0.8666666666666667,
        "best weighted avg f1-score": 0.8795918367346939
    },
    "just_orig7_orig_headers": {
        "best accuracy": 0.7,
        "best weighted avg f1-score": 0.7666666666666668
    },
    "just_orig6_swap_headers": {
        "best accuracy": 0.8,
        "best weighted avg f1-score": 0.8434650455927052
    },
    "just_orig6_orig_headers": {
        "best accuracy": 0.8,
        "best weighted avg f1-score": 0.8434650455927052
    },
    "just_orig5_swap_headers": {
        "best accuracy": 0.9333333333333333,
        "best weighted avg f1-score": 0.9263333333333335
    },
    "just_orig5_orig_headers": {
        "best accuracy": 0.9333333333333333,
        "best weighted avg f1-score": 0.9263333333333335
    },
    "combined3_swap_headers": {
        "best accuracy": 0.9666666666666667,
        "best weighted avg f1-score": 0.9515151515151515
    },
    "combined3_orig_headers": {
        "best accuracy": 0.9333333333333333,
        "best weighted avg f1-score": 0.9318216175359031
    },
    "just_imputed1_swap_headers": {
        "best accuracy": 0.9666666666666667,
        "best weighted avg f1-score": 0.9515151515151515
    },
    "just_imputed1_orig_headers": {
        "best accuracy": 0.9666666666666667,
        "best weighted avg f1-score": 0.9515151515151515
    },
    "just_imputed3_swap_headers": {
        "best accuracy": 0.9666666666666667,
        "best weighted avg f1-score": 0.9515151515151515
    },
    "just_imputed3_orig_headers": {
        "best accuracy": 0.9666666666666667,
        "best weighted avg f1-score": 0.9515151515151515
    }
}